firstName,lastName
John,Johnson
Alice,Smith
Bob,Miller
Grace,Moore
Eva,Brown
Charlie,Davis
David,Williams
Alice,Wilson
Frank,Johnson
Hannah,Jones
John,Miller
Bob,Davis
Grace,Wilson
Hannah,Moore
Charlie,Brown
Alice,Jones
Eva,Johnson
Frank,Smith
David,Williams
John,Taylor
Charlie,Johnson
Eva,Williams
Grace,Smith
Alice,Moore
Hannah,Johnson
David,Smith
Frank,Davis
John,Jones
Charlie,Taylor
Eva,Johnson
Frank,Moore
David,Wilson
Alice,Taylor
John,Davis
Hannah,Smith
Frank,Brown
Charlie,Moore
Eva,Williams
John,Johnson
David,Moore
Alice,Smith
Bob,Johnson
Charlie,Wilson
Grace,Taylor
Frank,Williams
Hannah,Brown
Alice,Johnson
John,Williams
Frank,Smith
David,Taylor
